studyName,Sample Number,Species,Region,Island,Stage,Individual ID,Clutch Completion,Date Egg,Culmen Length (mm),Culmen Depth (mm),Flipper Length (mm),Body Mass (g),Sex,Delta 15 N (o/oo),Delta 13 C (o/oo),Comments
PAL0708,1,Adelie Penguin,Anvers,Torgersen,"Adult, 1 Egg Stage",N1A1,Yes,11/11/07,39.1,18.7,181.0,3750.0,MALE,,,Not enough blood for isotopes.
PAL0708,2,Adelie Penguin,Anvers,Torgersen,"Adult, 1 Egg Stage",N1A2,Yes,11/11/07,39.5,17.4,186.0,3800.0,FEMALE,8.94956,-24.69454,
PAL0708,3,Adelie Penguin,Anvers,Torgersen,"Adult, 1 Egg Stage",N2A1,Yes,11/16/07,40.3,18.0,195.0,3250.0,FEMALE,8.368210000000001,-25.33302,
PAL0708,5,Adelie Penguin,Anvers,Torgersen,"Adult, 1 Egg Stage",N3A1,Yes,11/16/07,36.7,19.3,193.0,3450.0,FEMALE,8.76651,-25.32426,
PAL0708,6,Adelie Penguin,Anvers,Torgersen,"Adult, 1 Egg Stage",N3A2,Yes,11/16/07,39.3,20.6,190.0,3650.0,MALE,8.66496,-25.29805,
PAL0708,7,Adelie Penguin,Anvers,Torgersen,"Adult, 1 Egg Stage",N4A1,No,11/15/07,38.9,17.8,181.0,3625.0,FEMALE,9.18718,-25.21799,Nest never observed with full clutch.
PAL0708,8,Adelie Penguin,Anvers,Torgersen,"Adult, 1 Egg Stage",N4A2,No,11/15/07,39.2,19.6,195.0,4675.0,MALE,9.4606,-24.89958,Nest never observed with full clutch.
PAL0708,13,Adelie Penguin,Anvers,Torgersen,"Adult, 1 Egg Stage",N7A1,Yes,11/15/07,41.1,17.6,182.0,3200.0,FEMALE,,,Not enough blood for isotopes.
PAL0708,14,Adelie Penguin,Anvers,Torgersen,"Adult, 1 Egg Stage",N7A2,Yes,11/15/07,38.6,21.2,191.0,3800.0,MALE,,,Not enough blood for isotopes.
PAL0708,15,Adelie Penguin,Anvers,Torgersen,"Adult, 1 Egg Stage",N8A1,Yes,11/16/07,34.6,21.1,198.0,4400.0,MALE,8.55583,-25.22588,
PAL0708,16,Adelie Penguin,Anvers,Torgersen,"Adult, 1 Egg Stage",N8A2,Yes,11/16/07,36.6,17.8,185.0,3700.0,FEMALE,,,Not enough blood for isotopes.
PAL0708,17,Adelie Penguin,Anvers,Torgersen,"Adult, 1 Egg Stage",N9A1,Yes,11/12/07,38.7,19.0,195.0,3450.0,FEMALE,9.18528,-25.06691,
PAL0708,18,Adelie Penguin,Anvers,Torgersen,"Adult, 1 Egg Stage",N9A2,Yes,11/12/07,42.5,20.7,197.0,4500.0,MALE,8.67538,-25.13993,
PAL0708,19,Adelie Penguin,Anvers,Torgersen,"Adult, 1 Egg Stage",N10A1,Yes,11/16/07,34.4,18.4,184.0,3325.0,FEMALE,8.47827,-25.23319,
PAL0708,20,Adelie Penguin,Anvers,Torgersen,"Adult, 1 Egg Stage",N10A2,Yes,11/16/07,46.0,21.5,194.0,4200.0,MALE,9.11616,-24.772270000000002,
PAL0708,21,Adelie Penguin,Anvers,Biscoe,"Adult, 1 Egg Stage",N11A1,Yes,11/12/07,37.8,18.3,174.0,3400.0,FEMALE,8.73762,-25.09383,
PAL0708,22,Adelie Penguin,Anvers,Biscoe,"Adult, 1 Egg Stage",N11A2,Yes,11/12/07,37.7,18.7,180.0,3600.0,MALE,8.66271,-25.0639,
PAL0708,23,Adelie Penguin,Anvers,Biscoe,"Adult, 1 Egg Stage",N12A1,Yes,11/12/07,35.9,19.2,189.0,3800.0,FEMALE,9.22286,-25.03474,
PAL0708,24,Adelie Penguin,Anvers,Biscoe,"Adult, 1 Egg Stage",N12A2,Yes,11/12/07,38.2,18.1,185.0,3950.0,MALE,8.43423,-25.22664,
PAL0708,25,Adelie Penguin,Anvers,Biscoe,"Adult, 1 Egg Stage",N13A1,Yes,11/10/07,38.8,17.2,180.0,3800.0,MALE,9.63954,-25.298560000000002,
PAL0708,26,Adelie Penguin,Anvers,Biscoe,"Adult, 1 Egg Stage",N13A2,Yes,11/10/07,35.3,18.9,187.0,3800.0,FEMALE,9.21292,-24.3613,
PAL0708,27,Adelie Penguin,Anvers,Biscoe,"Adult, 1 Egg Stage",N17A1,Yes,11/12/07,40.6,18.6,183.0,3550.0,MALE,8.939969999999999,-25.36288,
PAL0708,28,Adelie Penguin,Anvers,Biscoe,"Adult, 1 Egg Stage",N17A2,Yes,11/12/07,40.5,17.9,187.0,3200.0,FEMALE,8.081380000000001,-25.49448,
PAL0708,29,Adelie Penguin,Anvers,Biscoe,"Adult, 1 Egg Stage",N18A1,No,11/10/07,37.9,18.6,172.0,3150.0,FEMALE,8.384039999999999,-25.19837,Nest never observed with full clutch.
PAL0708,30,Adelie Penguin,Anvers,Biscoe,"Adult, 1 Egg Stage",N18A2,No,11/10/07,40.5,18.9,180.0,3950.0,MALE,8.900269999999999,-25.11609,Nest never observed with full clutch.
PAL0708,31,Adelie Penguin,Anvers,Dream,"Adult, 1 Egg Stage",N21A1,Yes,11/9/07,39.5,16.7,178.0,3250.0,FEMALE,9.697560000000001,-25.11223,
PAL0708,32,Adelie Penguin,Anvers,Dream,"Adult, 1 Egg Stage",N21A2,Yes,11/9/07,37.2,18.1,178.0,3900.0,MALE,9.72764,-25.0102,
PAL0708,33,Adelie Penguin,Anvers,Dream,"Adult, 1 Egg Stage",N22A1,Yes,11/9/07,39.5,17.8,188.0,3300.0,FEMALE,9.665230000000001,-25.0602,
PAL0708,34,Adelie Penguin,Anvers,Dream,"Adult, 1 Egg Stage",N22A2,Yes,11/9/07,40.9,18.9,184.0,3900.0,MALE,8.79665,-25.14591,
PAL0708,35,Adelie Penguin,Anvers,Dream,"Adult, 1 Egg Stage",N23A1,Yes,11/16/07,36.4,17.0,195.0,3325.0,FEMALE,9.178469999999999,-25.230610000000002,
PAL0708,36,Adelie Penguin,Anvers,Dream,"Adult, 1 Egg Stage",N23A2,Yes,11/16/07,39.2,21.1,196.0,4150.0,MALE,9.153080000000001,-25.034689999999998,
PAL0708,37,Adelie Penguin,Anvers,Dream,"Adult, 1 Egg Stage",N24A1,Yes,11/16/07,38.8,20.0,190.0,3950.0,MALE,9.18985,-25.12255,
PAL0708,38,Adelie Penguin,Anvers,Dream,"Adult, 1 Egg Stage",N24A2,Yes,11/16/07,42.2,18.5,180.0,3550.0,FEMALE,8.04787,-25.49523,
PAL0708,39,Adelie Penguin,Anvers,Dream,"Adult, 1 Egg Stage",N25A1,No,11/13/07,37.6,19.3,181.0,3300.0,FEMALE,9.41131,-25.04169,Nest never observed with full clutch.
PAL0708,40,Adelie Penguin,Anvers,Dream,"Adult, 1 Egg Stage",N25A2,No,11/13/07,39.8,19.1,184.0,4650.0,MALE,,,Nest never observed with full clutch. Not enough blood for isotopes.
PAL0708,41,Adelie Penguin,Anvers,Dream,"Adult, 1 Egg Stage",N26A1,Yes,11/16/07,36.5,18.0,182.0,3150.0,FEMALE,9.68933,-24.4228,
PAL0708,42,Adelie Penguin,Anvers,Dream,"Adult, 1 Egg Stage",N26A2,Yes,11/16/07,40.8,18.4,195.0,3900.0,MALE,,,Not enough blood for isotopes.
PAL0708,43,Adelie Penguin,Anvers,Dream,"Adult, 1 Egg Stage",N27A1,Yes,11/19/07,36.0,18.5,186.0,3100.0,FEMALE,9.507719999999999,-25.03492,
PAL0708,44,Adelie Penguin,Anvers,Dream,"Adult, 1 Egg Stage",N27A2,Yes,11/19/07,44.1,19.7,196.0,4400.0,MALE,9.2372,-24.52698,
PAL0708,45,Adelie Penguin,Anvers,Dream,"Adult, 1 Egg Stage",N28A1,Yes,11/16/07,37.0,16.9,185.0,3000.0,FEMALE,9.36392,-25.01745,
PAL0708,46,Adelie Penguin,Anvers,Dream,"Adult, 1 Egg Stage",N28A2,Yes,11/16/07,39.6,18.8,190.0,4600.0,MALE,9.491060000000001,-24.10255,
PAL0708,47,Adelie Penguin,Anvers,Dream,"Adult, 1 Egg Stage",N29A1,Yes,11/13/07,41.1,19.0,182.0,3425.0,MALE,,,Not enough blood for isotopes.
PAL0708,49,Adelie Penguin,Anvers,Dream,"Adult, 1 Egg Stage",N30A1,Yes,11/13/07,36.0,17.9,190.0,3450.0,FEMALE,9.51784,-25.076829999999998,
PAL0708,50,Adelie Penguin,Anvers,Dream,"Adult, 1 Egg Stage",N30A2,Yes,11/13/07,42.3,21.2,191.0,4150.0,MALE,8.87988,-25.18543,
PAL0809,51,Adelie Penguin,Anvers,Biscoe,"Adult, 1 Egg Stage",N21A1,Yes,11/6/08,39.6,17.7,186.0,3500.0,FEMALE,8.46616,-26.12989,
PAL0809,52,Adelie Penguin,Anvers,Biscoe,"Adult, 1 Egg Stage",N21A2,Yes,11/6/08,40.1,18.9,188.0,4300.0,MALE,8.51362,-26.55602,
PAL0809,53,Adelie Penguin,Anvers,Biscoe,"Adult, 1 Egg Stage",N22A1,Yes,11/9/08,35.0,17.9,190.0,3450.0,FEMALE,8.19539,-26.17213,
PAL0809,54,Adelie Penguin,Anvers,Biscoe,"Adult, 1 Egg Stage",N22A2,Yes,11/9/08,42.0,19.5,200.0,4050.0,MALE,8.48095,-26.3146,
PAL0809,55,Adelie Penguin,Anvers,Biscoe,"Adult, 1 Egg Stage",N23A1,Yes,11/9/08,34.5,18.1,187.0,2900.0,FEMALE,8.41837,-26.547179999999997,
PAL0809,56,Adelie Penguin,Anvers,Biscoe,"Adult, 1 Egg Stage",N23A2,Yes,11/9/08,41.4,18.6,191.0,3700.0,MALE,8.35396,-26.27853,
PAL0809,57,Adelie Penguin,Anvers,Biscoe,"Adult, 1 Egg Stage",N24A1,Yes,11/15/08,39.0,17.5,186.0,3550.0,FEMALE,8.57199,-26.07188,
PAL0809,58,Adelie Penguin,Anvers,Biscoe,"Adult, 1 Egg Stage",N24A2,Yes,11/15/08,40.6,18.8,193.0,3800.0,MALE,8.56674,-25.988429999999997,
PAL0809,59,Adelie Penguin,Anvers,Biscoe,"Adult, 1 Egg Stage",N25A1,Yes,11/15/08,36.5,16.6,181.0,2850.0,FEMALE,9.07878,-25.88156,
PAL0809,60,Adelie Penguin,Anvers,Biscoe,"Adult, 1 Egg Stage",N25A2,Yes,11/15/08,37.6,19.1,194.0,3750.0,MALE,9.107999999999999,-25.89677,
PAL0809,61,Adelie Penguin,Anvers,Biscoe,"Adult, 1 Egg Stage",N27A1,Yes,11/13/08,35.7,16.9,185.0,3150.0,FEMALE,8.96472,-26.40943,
PAL0809,62,Adelie Penguin,Anvers,Biscoe,"Adult, 1 Egg Stage",N27A2,Yes,11/13/08,41.3,21.1,195.0,4400.0,MALE,8.74802,-26.378090000000004,
PAL0809,63,Adelie Penguin,Anvers,Biscoe,"Adult, 1 Egg Stage",N28A1,Yes,11/13/08,37.6,17.0,185.0,3600.0,FEMALE,8.580630000000001,-26.215690000000002,
PAL0809,64,Adelie Penguin,Anvers,Biscoe,"Adult, 1 Egg Stage",N28A2,Yes,11/13/08,41.1,18.2,192.0,4050.0,MALE,8.622639999999999,-26.60023,
PAL0809,65,Adelie Penguin,Anvers,Biscoe,"Adult, 1 Egg Stage",N29A1,Yes,11/13/08,36.4,17.1,184.0,2850.0,FEMALE,8.62623,-26.1165,
PAL0809,66,Adelie Penguin,Anvers,Biscoe,"Adult, 1 Egg Stage",N29A2,Yes,11/13/08,41.6,18.0,192.0,3950.0,MALE,8.85562,-26.09294,
PAL0809,67,Adelie Penguin,Anvers,Biscoe,"Adult, 1 Egg Stage",N30A1,Yes,11/6/08,35.5,16.2,195.0,3350.0,FEMALE,8.561919999999999,-25.95541,
PAL0809,68,Adelie Penguin,Anvers,Biscoe,"Adult, 1 Egg Stage",N30A2,Yes,11/6/08,41.1,19.1,188.0,4100.0,MALE,8.71078,-25.81012,
PAL0809,69,Adelie Penguin,Anvers,Torgersen,"Adult, 1 Egg Stage",N32A1,No,11/11/08,35.9,16.6,190.0,3050.0,FEMALE,8.47781,-26.078210000000002,Nest never observed with full clutch.
PAL0809,70,Adelie Penguin,Anvers,Torgersen,"Adult, 1 Egg Stage",N32A2,No,11/11/08,41.8,19.4,198.0,4450.0,MALE,8.86853,-26.062089999999998,Nest never observed with full clutch.
PAL0809,71,Adelie Penguin,Anvers,Torgersen,"Adult, 1 Egg Stage",N34A1,Yes,11/14/08,33.5,19.0,190.0,3600.0,FEMALE,7.88863,-26.63085,
PAL0809,72,Adelie Penguin,Anvers,Torgersen,"Adult, 1 Egg Stage",N34A2,Yes,11/14/08,39.7,18.4,190.0,3900.0,MALE,9.29808,-25.23453,
PAL0809,73,Adelie Penguin,Anvers,Torgersen,"Adult, 1 Egg Stage",N35A1,Yes,11/11/08,39.6,17.2,196.0,3550.0,FEMALE,8.335239999999999,-26.55351,
PAL0809,74,Adelie Penguin,Anvers,Torgersen,"Adult, 1 Egg Stage",N35A2,Yes,11/11/08,45.8,18.9,197.0,4150.0,MALE,8.186580000000001,-26.45978,
PAL0809,75,Adelie Penguin,Anvers,Torgersen,"Adult, 1 Egg Stage",N36A1,Yes,11/8/08,35.5,17.5,190.0,3700.0,FEMALE,8.70642,-26.150029999999997,
PAL0809,76,Adelie Penguin,Anvers,Torgersen,"Adult, 1 Egg Stage",N36A2,Yes,11/8/08,42.8,18.5,195.0,4250.0,MALE,8.2993,-26.38986,
PAL0809,77,Adelie Penguin,Anvers,Torgersen,"Adult, 1 Egg Stage",N37A1,Yes,11/6/08,40.9,16.8,191.0,3700.0,FEMALE,8.47257,-26.020020000000002,
PAL0809,78,Adelie Penguin,Anvers,Torgersen,"Adult, 1 Egg Stage",N37A2,Yes,11/6/08,37.2,19.4,184.0,3900.0,MALE,8.3554,-26.44787,
PAL0809,79,Adelie Penguin,Anvers,Torgersen,"Adult, 1 Egg Stage",N38A1,Yes,11/9/08,36.2,16.1,187.0,3550.0,FEMALE,7.823810000000001,-26.513820000000003,
PAL0809,80,Adelie Penguin,Anvers,Torgersen,"Adult, 1 Egg Stage",N38A2,Yes,11/9/08,42.1,19.1,195.0,4000.0,MALE,9.057360000000001,-25.81513,
PAL0809,81,Adelie Penguin,Anvers,Torgersen,"Adult, 1 Egg Stage",N39A1,Yes,11/2/08,34.6,17.2,189.0,3200.0,FEMALE,7.697780000000001,-26.5387,
PAL0809,82,Adelie Penguin,Anvers,Torgersen,"Adult, 1 Egg Stage",N39A2,Yes,11/2/08,42.9,17.6,196.0,4700.0,MALE,8.632589999999999,-26.23027,
PAL0809,83,Adelie Penguin,Anvers,Torgersen,"Adult, 1 Egg Stage",N40A1,Yes,11/7/08,36.7,18.8,187.0,3800.0,FEMALE,7.884939999999999,-26.24837,
PAL0809,84,Adelie Penguin,Anvers,Torgersen,"Adult, 1 Egg Stage",N40A2,Yes,11/7/08,35.1,19.4,193.0,4200.0,MALE,8.90002,-26.46254,
PAL0809,85,Adelie Penguin,Anvers,Dream,"Adult, 1 Egg Stage",N41A1,Yes,11/17/08,37.3,17.8,191.0,3350.0,FEMALE,8.32718,-26.38396,
PAL0809,86,Adelie Penguin,Anvers,Dream,"Adult, 1 Egg Stage",N41A2,Yes,11/17/08,41.3,20.3,194.0,3550.0,MALE,9.14863,-26.09635,
PAL0809,87,Adelie Penguin,Anvers,Dream,"Adult, 1 Egg Stage",N42A1,Yes,11/8/08,36.3,19.5,190.0,3800.0,MALE,8.57087,-26.22227,
PAL0809,88,Adelie Penguin,Anvers,Dream,"Adult, 1 Egg Stage",N42A2,Yes,11/8/08,36.9,18.6,189.0,3500.0,FEMALE,8.59147,-26.08165,
PAL0809,89,Adelie Penguin,Anvers,Dream,"Adult, 1 Egg Stage",N44A1,Yes,11/8/08,38.3,19.2,189.0,3950.0,MALE,9.07826,-26.12417,
PAL0809,90,Adelie Penguin,Anvers,Dream,"Adult, 1 Egg Stage",N44A2,Yes,11/8/08,38.9,18.8,190.0,3600.0,FEMALE,8.36936,-26.11199,
PAL0809,91,Adelie Penguin,Anvers,Dream,"Adult, 1 Egg Stage",N45A1,Yes,11/14/08,35.7,18.0,202.0,3550.0,FEMALE,8.46531,-26.05621,
PAL0809,92,Adelie Penguin,Anvers,Dream,"Adult, 1 Egg Stage",N45A2,Yes,11/14/08,41.1,18.1,205.0,4300.0,MALE,8.77018,-25.83352,
PAL0809,93,Adelie Penguin,Anvers,Dream,"Adult, 1 Egg Stage",N46A1,Yes,11/5/08,34.0,17.1,185.0,3400.0,FEMALE,8.01485,-26.695429999999998,
PAL0809,94,Adelie Penguin,Anvers,Dream,"Adult, 1 Egg Stage",N46A2,Yes,11/5/08,39.6,18.1,186.0,4450.0,MALE,8.49915,-26.424059999999997,
PAL0809,95,Adelie Penguin,Anvers,Dream,"Adult, 1 Egg Stage",N48A1,Yes,11/17/08,36.2,17.3,187.0,3300.0,FEMALE,8.90723,-26.30037,
PAL0809,96,Adelie Penguin,Anvers,Dream,"Adult, 1 Egg Stage",N48A2,Yes,11/17/08,40.8,18.9,208.0,4300.0,MALE,8.48204,-26.57941,
PAL0809,97,Adelie Penguin,Anvers,Dream,"Adult, 1 Egg Stage",N49A1,Yes,11/8/08,38.1,18.6,190.0,3700.0,FEMALE,8.10277,-26.50086,
PAL0809,98,Adelie Penguin,Anvers,Dream,"Adult, 1 Egg Stage",N49A2,Yes,11/8/08,40.3,18.5,196.0,4350.0,MALE,8.394589999999999,-26.01152,
PAL0809,99,Adelie Penguin,Anvers,Dream,"Adult, 1 Egg Stage",N50A1,Yes,11/10/08,33.1,16.1,178.0,2900.0,FEMALE,9.04218,-26.15775,
PAL0809,100,Adelie Penguin,Anvers,Dream,"Adult, 1 Egg Stage",N50A2,Yes,11/10/08,43.2,18.5,192.0,4100.0,MALE,8.97025,-26.03679,
PAL0910,101,Adelie Penguin,Anvers,Biscoe,"Adult, 1 Egg Stage",N47A1,Yes,11/9/09,35.0,17.9,192.0,3725.0,FEMALE,8.844510000000001,-26.28055,
PAL0910,102,Adelie Penguin,Anvers,Biscoe,"Adult, 1 Egg Stage",N47A2,Yes,11/9/09,41.0,20.0,203.0,4725.0,MALE,9.01079,-26.38085,
PAL0910,103,Adelie Penguin,Anvers,Biscoe,"Adult, 1 Egg Stage",N49A1,Yes,11/15/09,37.7,16.0,183.0,3075.0,FEMALE,9.2151,-26.2253,
PAL0910,104,Adelie Penguin,Anvers,Biscoe,"Adult, 1 Egg Stage",N49A2,Yes,11/15/09,37.8,20.0,190.0,4250.0,MALE,9.51929,-25.69199,
PAL0910,105,Adelie Penguin,Anvers,Biscoe,"Adult, 1 Egg Stage",N51A1,Yes,11/15/09,37.9,18.6,193.0,2925.0,FEMALE,9.02642,-25.86482,
PAL0910,106,Adelie Penguin,Anvers,Biscoe,"Adult, 1 Egg Stage",N51A2,Yes,11/15/09,39.7,18.9,184.0,3550.0,MALE,8.85699,-25.80208,
PAL0910,107,Adelie Penguin,Anvers,Biscoe,"Adult, 1 Egg Stage",N53A1,Yes,11/15/09,38.6,17.2,199.0,3750.0,FEMALE,8.77322,-26.489729999999998,
PAL0910,108,Adelie Penguin,Anvers,Biscoe,"Adult, 1 Egg Stage",N53A2,Yes,11/15/09,38.2,20.0,190.0,3900.0,MALE,9.59245,-25.70711,
PAL0910,109,Adelie Penguin,Anvers,Biscoe,"Adult, 1 Egg Stage",N55A1,Yes,11/20/09,38.1,17.0,181.0,3175.0,FEMALE,9.79532,-25.27385,
PAL0910,110,Adelie Penguin,Anvers,Biscoe,"Adult, 1 Egg Stage",N55A2,Yes,11/20/09,43.2,19.0,197.0,4775.0,MALE,9.31735,-25.451710000000002,
PAL0910,111,Adelie Penguin,Anvers,Biscoe,"Adult, 1 Egg Stage",N58A1,Yes,11/12/09,38.1,16.5,198.0,3825.0,FEMALE,8.43951,-26.57563,
PAL0910,112,Adelie Penguin,Anvers,Biscoe,"Adult, 1 Egg Stage",N58A2,Yes,11/12/09,45.6,20.3,191.0,4600.0,MALE,8.65466,-26.32909,
PAL0910,113,Adelie Penguin,Anvers,Biscoe,"Adult, 1 Egg Stage",N60A1,Yes,11/15/09,39.7,17.7,193.0,3200.0,FEMALE,9.02657,-26.06203,
PAL0910,114,Adelie Penguin,Anvers,Biscoe,"Adult, 1 Egg Stage",N60A2,Yes,11/15/09,42.2,19.5,197.0,4275.0,MALE,8.801860000000001,-26.41218,
PAL0910,115,Adelie Penguin,Anvers,Biscoe,"Adult, 1 Egg Stage",N61A1,Yes,11/17/09,39.6,20.7,191.0,3900.0,FEMALE,8.80967,-26.789579999999997,
PAL0910,116,Adelie Penguin,Anvers,Biscoe,"Adult, 1 Egg Stage",N61A2,Yes,11/17/09,42.7,18.3,196.0,4075.0,MALE,8.91434,-26.42018,
PAL0910,117,Adelie Penguin,Anvers,Torgersen,"Adult, 1 Egg Stage",N63A1,Yes,11/18/09,38.6,17.0,188.0,2900.0,FEMALE,9.18021,-25.77264,
PAL0910,118,Adelie Penguin,Anvers,Torgersen,"Adult, 1 Egg Stage",N63A2,Yes,11/18/09,37.3,20.5,199.0,3775.0,MALE,9.49645,-26.36678,
PAL0910,119,Adelie Penguin,Anvers,Torgersen,"Adult, 1 Egg Stage",N64A1,Yes,11/22/09,35.7,17.0,189.0,3350.0,FEMALE,8.964360000000001,-23.90309,
PAL0910,120,Adelie Penguin,Anvers,Torgersen,"Adult, 1 Egg Stage",N64A2,Yes,11/22/09,41.1,18.6,189.0,3325.0,MALE,9.32277,-26.09989,
PAL0910,121,Adelie Penguin,Anvers,Torgersen,"Adult, 1 Egg Stage",N66A1,No,11/17/09,36.2,17.2,187.0,3150.0,FEMALE,9.04296,-26.19444,Nest never observed with full clutch.
PAL0910,122,Adelie Penguin,Anvers,Torgersen,"Adult, 1 Egg Stage",N66A2,No,11/17/09,37.7,19.8,198.0,3500.0,MALE,9.110660000000001,-26.425629999999998,Nest never observed with full clutch.
PAL0910,123,Adelie Penguin,Anvers,Torgersen,"Adult, 1 Egg Stage",N67A1,Yes,11/16/09,40.2,17.0,176.0,3450.0,FEMALE,9.30722,-25.61039,
PAL0910,124,Adelie Penguin,Anvers,Torgersen,"Adult, 1 Egg Stage",N67A2,Yes,11/16/09,41.4,18.5,202.0,3875.0,MALE,9.594619999999999,-25.42621,
PAL0910,125,Adelie Penguin,Anvers,Torgersen,"Adult, 1 Egg Stage",N69A1,Yes,11/18/09,35.2,15.9,186.0,3050.0,FEMALE,8.81668,-25.95399,
PAL0910,126,Adelie Penguin,Anvers,Torgersen,"Adult, 1 Egg Stage",N69A2,Yes,11/18/09,40.6,19.0,199.0,4000.0,MALE,9.22537,-25.60826,
PAL0910,127,Adelie Penguin,Anvers,Torgersen,"Adult, 1 Egg Stage",N71A1,Yes,11/21/09,38.8,17.6,191.0,3275.0,FEMALE,8.880980000000001,-25.89741,
PAL0910,128,Adelie Penguin,Anvers,Torgersen,"Adult, 1 Egg Stage",N71A2,Yes,11/21/09,41.5,18.3,195.0,4300.0,MALE,8.52566,-26.0245,
PAL0910,129,Adelie Penguin,Anvers,Torgersen,"Adult, 1 Egg Stage",N72A1,Yes,11/18/09,39.0,17.1,191.0,3050.0,FEMALE,9.19031,-25.73722,
PAL0910,130,Adelie Penguin,Anvers,Torgersen,"Adult, 1 Egg Stage",N72A2,Yes,11/18/09,44.1,18.0,210.0,4000.0,MALE,9.10702,-26.01363,
PAL0910,131,Adelie Penguin,Anvers,Torgersen,"Adult, 1 Egg Stage",N73A1,No,11/23/09,38.5,17.9,190.0,3325.0,FEMALE,8.9846,-25.57956,Nest never observed with full clutch.
PAL0910,132,Adelie Penguin,Anvers,Torgersen,"Adult, 1 Egg Stage",N73A2,No,11/23/09,43.1,19.2,197.0,3500.0,MALE,8.86495,-26.1396,Nest never observed with full clutch.
PAL0910,133,Adelie Penguin,Anvers,Dream,"Adult, 1 Egg Stage",N76A1,Yes,11/10/09,36.8,18.5,193.0,3500.0,FEMALE,8.98705,-25.57647,
PAL0910,134,Adelie Penguin,Anvers,Dream,"Adult, 1 Egg Stage",N76A2,Yes,11/10/09,37.5,18.5,199.0,4475.0,MALE,8.56708,-26.49288,
PAL0910,135,Adelie Penguin,Anvers,Dream,"Adult, 1 Egg Stage",N77A1,Yes,11/13/09,38.1,17.6,187.0,3425.0,FEMALE,8.717,-25.779510000000002,
PAL0910,136,Adelie Penguin,Anvers,Dream,"Adult, 1 Egg Stage",N77A2,Yes,11/13/09,41.1,17.5,190.0,3900.0,MALE,8.94365,-26.06943,
PAL0910,137,Adelie Penguin,Anvers,Dream,"Adult, 1 Egg Stage",N78A1,Yes,11/16/09,35.6,17.5,191.0,3175.0,FEMALE,8.759839999999999,-25.976960000000002,
PAL0910,138,Adelie Penguin,Anvers,Dream,"Adult, 1 Egg Stage",N78A2,Yes,11/16/09,40.2,20.1,200.0,3975.0,MALE,8.95998,-26.326009999999997,
PAL0910,139,Adelie Penguin,Anvers,Dream,"Adult, 1 Egg Stage",N79A1,No,11/16/09,37.0,16.5,185.0,3400.0,FEMALE,8.61651,-26.07021,Nest never observed with full clutch.
PAL0910,140,Adelie Penguin,Anvers,Dream,"Adult, 1 Egg Stage",N79A2,No,11/16/09,39.7,17.9,193.0,4250.0,MALE,9.25769,-25.88798,Nest never observed with full clutch.
PAL0910,141,Adelie Penguin,Anvers,Dream,"Adult, 1 Egg Stage",N80A1,Yes,11/14/09,40.2,17.1,193.0,3400.0,FEMALE,9.2881,-25.54976,
PAL0910,142,Adelie Penguin,Anvers,Dream,"Adult, 1 Egg Stage",N80A2,Yes,11/14/09,40.6,17.2,187.0,3475.0,MALE,9.23408,-26.01549,
PAL0910,143,Adelie Penguin,Anvers,Dream,"Adult, 1 Egg Stage",N81A1,Yes,11/16/09,32.1,15.5,188.0,3050.0,FEMALE,8.79787,-26.61075,
PAL0910,144,Adelie Penguin,Anvers,Dream,"Adult, 1 Egg Stage",N81A2,Yes,11/16/09,40.7,17.0,190.0,3725.0,MALE,9.05674,-25.795289999999998,
PAL0910,145,Adelie Penguin,Anvers,Dream,"Adult, 1 Egg Stage",N82A1,Yes,11/16/09,37.3,16.8,192.0,3000.0,FEMALE,9.06829,-25.85203,
PAL0910,146,Adelie Penguin,Anvers,Dream,"Adult, 1 Egg Stage",N82A2,Yes,11/16/09,39.0,18.7,185.0,3650.0,MALE,9.22033,-26.03442,
PAL0910,147,Adelie Penguin,Anvers,Dream,"Adult, 1 Egg Stage",N83A1,Yes,11/13/09,39.2,18.6,190.0,4250.0,MALE,9.11006,-25.79549,
PAL0910,148,Adelie Penguin,Anvers,Dream,"Adult, 1 Egg Stage",N83A2,Yes,11/13/09,36.6,18.4,184.0,3475.0,FEMALE,8.687439999999999,-25.8306,
PAL0910,149,Adelie Penguin,Anvers,Dream,"Adult, 1 Egg Stage",N84A1,Yes,11/17/09,36.0,17.8,195.0,3450.0,FEMALE,8.94332,-25.79189,
PAL0910,150,Adelie Penguin,Anvers,Dream,"Adult, 1 Egg Stage",N84A2,Yes,11/17/09,37.8,18.1,193.0,3750.0,MALE,8.97533,-26.03495,
PAL0910,151,Adelie Penguin,Anvers,Dream,"Adult, 1 Egg Stage",N85A1,Yes,11/17/09,36.0,17.1,187.0,3700.0,FEMALE,8.93465,-26.07081,
PAL0910,152,Adelie Penguin,Anvers,Dream,"Adult, 1 Egg Stage",N85A2,Yes,11/17/09,41.5,18.5,201.0,4000.0,MALE,8.8964,-26.069670000000002,
PAL0708,1,Chinstrap penguin,Anvers,Dream,"Adult, 1 Egg Stage",N61A1,No,11/19/07,46.5,17.9,192.0,3500.0,FEMALE,9.03935,-24.30229,
PAL0708,2,Chinstrap penguin,Anvers,Dream,"Adult, 1 Egg Stage",N61A2,No,11/19/07,50.0,19.5,196.0,3900.0,MALE,8.920689999999999,-24.23592,
PAL0708,3,Chinstrap penguin,Anvers,Dream,"Adult, 1 Egg Stage",N62A1,Yes,11/26/07,51.3,19.2,193.0,3650.0,MALE,9.29078,-24.7557,
PAL0708,4,Chinstrap penguin,Anvers,Dream,"Adult, 1 Egg Stage",N62A2,Yes,11/26/07,45.4,18.7,188.0,3525.0,FEMALE,8.64701,-24.62717,
PAL0708,5,Chinstrap penguin,Anvers,Dream,"Adult, 1 Egg Stage",N64A1,Yes,11/21/07,52.7,19.8,197.0,3725.0,MALE,9.00642,-24.61867,
PAL0708,6,Chinstrap penguin,Anvers,Dream,"Adult, 1 Egg Stage",N64A2,Yes,11/21/07,45.2,17.8,198.0,3950.0,FEMALE,8.88942,-24.494329999999998,
PAL0708,7,Chinstrap penguin,Anvers,Dream,"Adult, 1 Egg Stage",N66A1,Yes,11/28/07,46.1,18.2,178.0,3250.0,FEMALE,8.856639999999999,-24.55644,
PAL0708,8,Chinstrap penguin,Anvers,Dream,"Adult, 1 Egg Stage",N66A2,Yes,11/28/07,51.3,18.2,197.0,3750.0,MALE,8.63701,-24.84059,
PAL0708,9,Chinstrap penguin,Anvers,Dream,"Adult, 1 Egg Stage",N67A1,Yes,11/21/07,46.0,18.9,195.0,4150.0,FEMALE,8.47173,-24.292289999999998,
PAL0708,10,Chinstrap penguin,Anvers,Dream,"Adult, 1 Egg Stage",N67A2,Yes,11/21/07,51.3,19.9,198.0,3700.0,MALE,8.795810000000001,-24.360879999999998,
PAL0708,11,Chinstrap penguin,Anvers,Dream,"Adult, 1 Egg Stage",N68A1,Yes,11/28/07,46.6,17.8,193.0,3800.0,FEMALE,8.95063,-24.59897,
PAL0708,12,Chinstrap penguin,Anvers,Dream,"Adult, 1 Egg Stage",N68A2,Yes,11/28/07,51.7,20.3,194.0,3775.0,MALE,8.68747,-24.38751,
PAL0708,13,Chinstrap penguin,Anvers,Dream,"Adult, 1 Egg Stage",N69A1,Yes,11/26/07,47.0,17.3,185.0,3700.0,FEMALE,8.720369999999999,-24.80526,
PAL0708,14,Chinstrap penguin,Anvers,Dream,"Adult, 1 Egg Stage",N69A2,Yes,11/26/07,52.0,18.1,201.0,4050.0,MALE,9.0233,-24.389329999999998,
PAL0708,15,Chinstrap penguin,Anvers,Dream,"Adult, 1 Egg Stage",N70A1,Yes,11/22/07,45.9,17.1,190.0,3575.0,FEMALE,9.12277,-24.90024,
PAL0708,16,Chinstrap penguin,Anvers,Dream,"Adult, 1 Egg Stage",N70A2,Yes,11/22/07,50.5,19.6,201.0,4050.0,MALE,9.8059,-24.7294,
PAL0708,17,Chinstrap penguin,Anvers,Dream,"Adult, 1 Egg Stage",N71A1,No,11/30/07,50.3,20.0,197.0,3300.0,MALE,10.02019,-24.54704,
PAL0708,18,Chinstrap penguin,Anvers,Dream,"Adult, 1 Egg Stage",N71A2,No,11/30/07,58.0,17.8,181.0,3700.0,FEMALE,9.14382,-24.57994,
PAL0708,19,Chinstrap penguin,Anvers,Dream,"Adult, 1 Egg Stage",N72A1,Yes,11/30/07,46.4,18.6,190.0,3450.0,FEMALE,9.32105,-24.64162,
PAL0708,20,Chinstrap penguin,Anvers,Dream,"Adult, 1 Egg Stage",N72A2,Yes,11/30/07,49.2,18.2,195.0,4400.0,MALE,9.27158,-24.64335,
PAL0708,21,Chinstrap penguin,Anvers,Dream,"Adult, 1 Egg Stage",N73A1,Yes,12/3/07,42.4,17.3,181.0,3600.0,FEMALE,9.35138,-24.6879,
PAL0708,22,Chinstrap penguin,Anvers,Dream,"Adult, 1 Egg Stage",N73A2,Yes,12/3/07,48.5,17.5,191.0,3400.0,MALE,9.42666,-24.26375,
PAL0708,23,Chinstrap penguin,Anvers,Dream,"Adult, 1 Egg Stage",N85A1,No,11/28/07,43.2,16.6,187.0,2900.0,FEMALE,9.35416,-25.01185,
PAL0708,24,Chinstrap penguin,Anvers,Dream,"Adult, 1 Egg Stage",N85A2,No,11/28/07,50.6,19.4,193.0,3800.0,MALE,9.28153,-24.971339999999998,
PAL0708,25,Chinstrap penguin,Anvers,Dream,"Adult, 1 Egg Stage",N89A1,No,11/28/07,46.7,17.9,195.0,3300.0,FEMALE,9.741439999999999,-24.59467,
PAL0708,26,Chinstrap penguin,Anvers,Dream,"Adult, 1 Egg Stage",N89A2,No,11/28/07,52.0,19.0,197.0,4150.0,MALE,9.367989999999999,-24.471420000000002,
PAL0809,27,Chinstrap penguin,Anvers,Dream,"Adult, 1 Egg Stage",N61A1,No,11/25/08,50.5,18.4,200.0,3400.0,FEMALE,8.9399,-23.89017,
PAL0809,28,Chinstrap penguin,Anvers,Dream,"Adult, 1 Egg Stage",N61A2,No,11/25/08,49.5,19.0,200.0,3800.0,MALE,9.63074,-24.34684,
PAL0809,29,Chinstrap penguin,Anvers,Dream,"Adult, 1 Egg Stage",N62A1,Yes,11/14/08,46.4,17.8,191.0,3700.0,FEMALE,9.37369,-24.52896,
PAL0809,30,Chinstrap penguin,Anvers,Dream,"Adult, 1 Egg Stage",N62A2,Yes,11/14/08,52.8,20.0,205.0,4550.0,MALE,9.25177,-24.696379999999998,
PAL0809,31,Chinstrap penguin,Anvers,Dream,"Adult, 1 Egg Stage",N63A1,Yes,11/24/08,40.9,16.6,187.0,3200.0,FEMALE,9.08458,-24.54903,
PAL0809,32,Chinstrap penguin,Anvers,Dream,"Adult, 1 Egg Stage",N63A2,Yes,11/24/08,54.2,20.8,201.0,4300.0,MALE,9.49283,-24.59996,
PAL0809,33,Chinstrap penguin,Anvers,Dream,"Adult, 1 Egg Stage",N65A1,Yes,11/24/08,42.5,16.7,187.0,3350.0,FEMALE,9.36668,-24.45195,
PAL0809,34,Chinstrap penguin,Anvers,Dream,"Adult, 1 Egg Stage",N65A2,Yes,11/24/08,51.0,18.8,203.0,4100.0,MALE,9.23196,-24.17282,
PAL0809,35,Chinstrap penguin,Anvers,Dream,"Adult, 1 Egg Stage",N67A1,Yes,11/25/08,49.7,18.6,195.0,3600.0,MALE,9.75486,-24.31198,
PAL0809,36,Chinstrap penguin,Anvers,Dream,"Adult, 1 Egg Stage",N67A2,Yes,11/25/08,47.5,16.8,199.0,3900.0,FEMALE,9.07825,-25.1455,
PAL0809,37,Chinstrap penguin,Anvers,Dream,"Adult, 1 Egg Stage",N69A1,Yes,11/14/08,47.6,18.3,195.0,3850.0,FEMALE,8.83502,-24.65859,
PAL0809,38,Chinstrap penguin,Anvers,Dream,"Adult, 1 Egg Stage",N69A2,Yes,11/14/08,52.0,20.7,210.0,4800.0,MALE,9.431460000000001,-24.6844,
PAL0809,39,Chinstrap penguin,Anvers,Dream,"Adult, 1 Egg Stage",N72A1,No,11/24/08,46.9,16.6,192.0,2700.0,FEMALE,9.80589,-24.73735,
PAL0809,40,Chinstrap penguin,Anvers,Dream,"Adult, 1 Egg Stage",N72A2,No,11/24/08,53.5,19.9,205.0,4500.0,MALE,10.02544,-24.908160000000002,
PAL0809,41,Chinstrap penguin,Anvers,Dream,"Adult, 1 Egg Stage",N74A1,Yes,11/24/08,49.0,19.5,210.0,3950.0,MALE,9.53262,-24.668670000000002,
PAL0809,42,Chinstrap penguin,Anvers,Dream,"Adult, 1 Egg Stage",N74A2,Yes,11/24/08,46.2,17.5,187.0,3650.0,FEMALE,9.617339999999999,-24.66188,
PAL0809,43,Chinstrap penguin,Anvers,Dream,"Adult, 1 Egg Stage",N75A1,Yes,11/14/08,50.9,19.1,196.0,3550.0,MALE,10.023719999999999,-24.86594,
PAL0809,44,Chinstrap penguin,Anvers,Dream,"Adult, 1 Egg Stage",N75A2,Yes,11/14/08,45.5,17.0,196.0,3500.0,FEMALE,9.364930000000001,-24.662589999999998,
PAL0910,45,Chinstrap penguin,Anvers,Dream,"Adult, 1 Egg Stage",N86A1,Yes,11/17/09,50.9,17.9,196.0,3675.0,FEMALE,9.43684,-24.16566,
PAL0910,46,Chinstrap penguin,Anvers,Dream,"Adult, 1 Egg Stage",N86A2,Yes,11/17/09,50.8,18.5,201.0,4450.0,MALE,9.458269999999999,-24.35575,
PAL0910,47,Chinstrap penguin,Anvers,Dream,"Adult, 1 Egg Stage",N87A1,Yes,11/27/09,50.1,17.9,190.0,3400.0,FEMALE,9.46819,-24.45721,
PAL0910,48,Chinstrap penguin,Anvers,Dream,"Adult, 1 Egg Stage",N87A2,Yes,11/27/09,49.0,19.6,212.0,4300.0,MALE,9.34089,-24.45189,
PAL0910,49,Chinstrap penguin,Anvers,Dream,"Adult, 1 Egg Stage",N88A1,Yes,11/23/09,51.5,18.7,187.0,3250.0,MALE,9.6895,-24.43062,
PAL0910,50,Chinstrap penguin,Anvers,Dream,"Adult, 1 Egg Stage",N88A2,Yes,11/23/09,49.8,17.3,198.0,3675.0,FEMALE,9.32169,-24.41562,
PAL0910,51,Chinstrap penguin,Anvers,Dream,"Adult, 1 Egg Stage",N90A1,Yes,11/21/09,48.1,16.4,199.0,3325.0,FEMALE,9.469289999999999,-24.484029999999997,
PAL0910,52,Chinstrap penguin,Anvers,Dream,"Adult, 1 Egg Stage",N90A2,Yes,11/21/09,51.4,19.0,201.0,3950.0,MALE,9.43782,-24.36202,
PAL0910,53,Chinstrap penguin,Anvers,Dream,"Adult, 1 Egg Stage",N92A1,Yes,11/23/09,45.7,17.3,193.0,3600.0,FEMALE,9.415,-24.805,
PAL0910,54,Chinstrap penguin,Anvers,Dream,"Adult, 1 Egg Stage",N92A2,Yes,11/23/09,50.7,19.7,203.0,4050.0,MALE,9.93727,-24.59066,
PAL0910,55,Chinstrap penguin,Anvers,Dream,"Adult, 1 Egg Stage",N93A1,Yes,11/27/09,42.5,17.3,187.0,3350.0,FEMALE,9.565339999999999,-24.60882,
PAL0910,56,Chinstrap penguin,Anvers,Dream,"Adult, 1 Egg Stage",N93A2,Yes,11/27/09,52.2,18.8,197.0,3450.0,MALE,9.77528,-24.56481,
PAL0910,57,Chinstrap penguin,Anvers,Dream,"Adult, 1 Egg Stage",N94A1,Yes,11/21/09,45.2,16.6,191.0,3250.0,FEMALE,9.623569999999999,-24.789839999999998,
PAL0910,58,Chinstrap penguin,Anvers,Dream,"Adult, 1 Egg Stage",N94A2,Yes,11/21/09,49.3,19.9,203.0,4050.0,MALE,9.88809,-24.595129999999997,
PAL0910,59,Chinstrap penguin,Anvers,Dream,"Adult, 1 Egg Stage",N95A1,Yes,11/21/09,50.2,18.8,202.0,3800.0,MALE,9.74492,-24.404,
PAL0910,60,Chinstrap penguin,Anvers,Dream,"Adult, 1 Egg Stage",N95A2,Yes,11/21/09,45.6,19.4,194.0,3525.0,FEMALE,9.46985,-24.65786,
PAL0910,61,Chinstrap penguin,Anvers,Dream,"Adult, 1 Egg Stage",N96A1,Yes,11/27/09,51.9,19.5,206.0,3950.0,MALE,,-23.787670000000002,
PAL0910,62,Chinstrap penguin,Anvers,Dream,"Adult, 1 Egg Stage",N96A2,Yes,11/27/09,46.8,16.5,189.0,3650.0,FEMALE,9.65061,-24.48153,
PAL0910,63,Chinstrap penguin,Anvers,Dream,"Adult, 1 Egg Stage",N98A1,Yes,11/19/09,45.7,17.0,195.0,3650.0,FEMALE,9.26715,-24.31912,
PAL0910,64,Chinstrap penguin,Anvers,Dream,"Adult, 1 Egg Stage",N98A2,Yes,11/19/09,55.8,19.8,207.0,4000.0,MALE,9.70465,-24.53494,
PAL0910,65,Chinstrap penguin,Anvers,Dream,"Adult, 1 Egg Stage",N99A1,No,11/21/09,43.5,18.1,202.0,3400.0,FEMALE,9.37608,-24.407529999999998,
PAL0910,66,Chinstrap penguin,Anvers,Dream,"Adult, 1 Egg Stage",N99A2,No,11/21/09,49.6,18.2,193.0,3775.0,MALE,9.4618,-24.70615,
PAL0910,67,Chinstrap penguin,Anvers,Dream,"Adult, 1 Egg Stage",N100A1,Yes,11/21/09,50.8,19.0,210.0,4100.0,MALE,9.98044,-24.68741,
PAL0910,68,Chinstrap penguin,Anvers,Dream,"Adult, 1 Egg Stage",N100A2,Yes,11/21/09,50.2,18.7,198.0,3775.0,FEMALE,9.39305,-24.25255,
PAL0708,1,Gentoo penguin,Anvers,Biscoe,"Adult, 1 Egg Stage",N31A1,Yes,11/27/07,46.1,13.2,211.0,4500.0,FEMALE,7.992999999999999,-25.5139,
PAL0708,2,Gentoo penguin,Anvers,Biscoe,"Adult, 1 Egg Stage",N31A2,Yes,11/27/07,50.0,16.3,230.0,5700.0,MALE,8.14756,-25.39369,
PAL0708,3,Gentoo penguin,Anvers,Biscoe,"Adult, 1 Egg Stage",N32A1,Yes,11/27/07,48.7,14.1,210.0,4450.0,FEMALE,8.14705,-25.46172,
PAL0708,4,Gentoo penguin,Anvers,Biscoe,"Adult, 1 Egg Stage",N32A2,Yes,11/27/07,50.0,15.2,218.0,5700.0,MALE,8.2554,-25.40075,
PAL0708,5,Gentoo penguin,Anvers,Biscoe,"Adult, 1 Egg Stage",N33A1,Yes,11/18/07,47.6,14.5,215.0,5400.0,MALE,8.2345,-25.54456,
PAL0708,6,Gentoo penguin,Anvers,Biscoe,"Adult, 1 Egg Stage",N33A2,Yes,11/18/07,46.5,13.5,210.0,4550.0,FEMALE,7.9953,-25.32829,
PAL0708,7,Gentoo penguin,Anvers,Biscoe,"Adult, 1 Egg Stage",N34A1,Yes,11/27/07,45.4,14.6,211.0,4800.0,FEMALE,8.24515,-25.46782,
PAL0708,8,Gentoo penguin,Anvers,Biscoe,"Adult, 1 Egg Stage",N34A2,Yes,11/27/07,46.7,15.3,219.0,5200.0,MALE,8.22673,-25.4276,
PAL0708,9,Gentoo penguin,Anvers,Biscoe,"Adult, 1 Egg Stage",N35A1,Yes,11/27/07,43.3,13.4,209.0,4400.0,FEMALE,8.13643,-25.32176,
PAL0708,10,Gentoo penguin,Anvers,Biscoe,"Adult, 1 Egg Stage",N35A2,Yes,11/27/07,46.8,15.4,215.0,5150.0,MALE,8.1631,-25.38017,
PAL0708,11,Gentoo penguin,Anvers,Biscoe,"Adult, 1 Egg Stage",N36A1,No,11/27/07,40.9,13.7,214.0,4650.0,FEMALE,8.195789999999999,-25.3933,
PAL0708,12,Gentoo penguin,Anvers,Biscoe,"Adult, 1 Egg Stage",N36A2,No,11/27/07,49.0,16.1,216.0,5550.0,MALE,8.10417,-25.50562,
PAL0708,13,Gentoo penguin,Anvers,Biscoe,"Adult, 1 Egg Stage",N37A1,Yes,11/29/07,45.5,13.7,214.0,4650.0,FEMALE,7.77672,-25.4168,
PAL0708,14,Gentoo penguin,Anvers,Biscoe,"Adult, 1 Egg Stage",N37A2,Yes,11/29/07,48.4,14.6,213.0,5850.0,MALE,7.8208,-25.48025,
PAL0708,15,Gentoo penguin,Anvers,Biscoe,"Adult, 1 Egg Stage",N38A1,Yes,12/3/07,45.8,14.6,210.0,4200.0,FEMALE,7.799580000000001,-25.626179999999998,
PAL0708,16,Gentoo penguin,Anvers,Biscoe,"Adult, 1 Egg Stage",N38A2,Yes,12/3/07,49.3,15.7,217.0,5850.0,MALE,8.07137,-25.524729999999998,
PAL0708,17,Gentoo penguin,Anvers,Biscoe,"Adult, 1 Egg Stage",N39A1,Yes,11/27/07,42.0,13.5,210.0,4150.0,FEMALE,7.638839999999999,-25.52627,
PAL0708,18,Gentoo penguin,Anvers,Biscoe,"Adult, 1 Egg Stage",N39A2,Yes,11/27/07,49.2,15.2,221.0,6300.0,MALE,8.273760000000001,-25.00169,
PAL0708,19,Gentoo penguin,Anvers,Biscoe,"Adult, 1 Egg Stage",N40A1,Yes,11/27/07,46.2,14.5,209.0,4800.0,FEMALE,7.84057,-25.378989999999998,
PAL0708,20,Gentoo penguin,Anvers,Biscoe,"Adult, 1 Egg Stage",N40A2,Yes,11/27/07,48.7,15.1,222.0,5350.0,MALE,7.964910000000001,-25.395870000000002,
PAL0708,21,Gentoo penguin,Anvers,Biscoe,"Adult, 1 Egg Stage",N41A1,Yes,11/27/07,50.2,14.3,218.0,5700.0,MALE,7.8962,-25.37746,
PAL0708,22,Gentoo penguin,Anvers,Biscoe,"Adult, 1 Egg Stage",N41A2,Yes,11/27/07,45.1,14.5,215.0,5000.0,FEMALE,7.6322,-25.46569,
PAL0708,23,Gentoo penguin,Anvers,Biscoe,"Adult, 1 Egg Stage",N42A1,Yes,11/27/07,46.5,14.5,213.0,4400.0,FEMALE,7.9043600000000005,-25.3947,
PAL0708,24,Gentoo penguin,Anvers,Biscoe,"Adult, 1 Egg Stage",N42A2,Yes,11/27/07,46.3,15.8,215.0,5050.0,MALE,7.9097100000000005,-25.38157,
PAL0708,25,Gentoo penguin,Anvers,Biscoe,"Adult, 1 Egg Stage",N44A1,Yes,11/29/07,42.9,13.1,215.0,5000.0,FEMALE,7.6852800000000006,-25.39181,
PAL0708,26,Gentoo penguin,Anvers,Biscoe,"Adult, 1 Egg Stage",N44A2,Yes,11/29/07,46.1,15.1,215.0,5100.0,MALE,7.837330000000001,-25.42826,
PAL0708,28,Gentoo penguin,Anvers,Biscoe,"Adult, 1 Egg Stage",N46A2,Yes,11/29/07,47.8,15.0,215.0,5650.0,MALE,7.92358,-25.483829999999998,
PAL0708,29,Gentoo penguin,Anvers,Biscoe,"Adult, 1 Egg Stage",N47A1,Yes,11/29/07,48.2,14.3,210.0,4600.0,FEMALE,7.6887,-25.508110000000002,
PAL0708,30,Gentoo penguin,Anvers,Biscoe,"Adult, 1 Egg Stage",N47A2,Yes,11/29/07,50.0,15.3,220.0,5550.0,MALE,8.30515,-25.190170000000002,
PAL0708,31,Gentoo penguin,Anvers,Biscoe,"Adult, 1 Egg Stage",N50A1,Yes,11/29/07,47.3,15.3,222.0,5250.0,MALE,,,
PAL0708,32,Gentoo penguin,Anvers,Biscoe,"Adult, 1 Egg Stage",N50A2,Yes,11/29/07,42.8,14.2,209.0,4700.0,FEMALE,7.634519999999999,-25.46327,
PAL0708,33,Gentoo penguin,Anvers,Biscoe,"Adult, 1 Egg Stage",N56A1,Yes,12/3/07,45.1,14.5,207.0,5050.0,FEMALE,7.974080000000001,-25.537679999999998,
PAL0708,34,Gentoo penguin,Anvers,Biscoe,"Adult, 1 Egg Stage",N56A2,Yes,12/3/07,59.6,17.0,230.0,6050.0,MALE,7.76843,-25.6821,
PAL0809,35,Gentoo penguin,Anvers,Biscoe,"Adult, 1 Egg Stage",N2A1,Yes,11/13/08,49.1,14.8,220.0,5150.0,FEMALE,7.89744,-26.63405,
PAL0809,36,Gentoo penguin,Anvers,Biscoe,"Adult, 1 Egg Stage",N2A2,Yes,11/13/08,48.4,16.3,220.0,5400.0,MALE,8.036589999999999,-26.86127,
PAL0809,37,Gentoo penguin,Anvers,Biscoe,"Adult, 1 Egg Stage",N4A1,Yes,11/2/08,42.6,13.7,213.0,4950.0,FEMALE,7.96935,-26.70968,
PAL0809,38,Gentoo penguin,Anvers,Biscoe,"Adult, 1 Egg Stage",N4A2,Yes,11/2/08,44.4,17.3,219.0,5250.0,MALE,8.13746,-26.79093,
PAL0809,39,Gentoo penguin,Anvers,Biscoe,"Adult, 1 Egg Stage",N5A1,Yes,11/9/08,44.0,13.6,208.0,4350.0,FEMALE,8.019789999999999,-26.68311,
PAL0809,40,Gentoo penguin,Anvers,Biscoe,"Adult, 1 Egg Stage",N5A2,Yes,11/9/08,48.7,15.7,208.0,5350.0,MALE,8.14776,-26.845059999999997,
PAL0809,41,Gentoo penguin,Anvers,Biscoe,"Adult, 1 Egg Stage",N6A1,No,11/4/08,42.7,13.7,208.0,3950.0,FEMALE,8.145669999999999,-26.59467,
PAL0809,42,Gentoo penguin,Anvers,Biscoe,"Adult, 1 Egg Stage",N6A2,No,11/4/08,49.6,16.0,225.0,5700.0,MALE,8.383239999999999,-26.84272,
PAL0809,43,Gentoo penguin,Anvers,Biscoe,"Adult, 1 Egg Stage",N7A1,Yes,11/4/08,45.3,13.7,210.0,4300.0,FEMALE,8.37615,-26.727909999999998,
PAL0809,44,Gentoo penguin,Anvers,Biscoe,"Adult, 1 Egg Stage",N7A2,Yes,11/4/08,49.6,15.0,216.0,4750.0,MALE,8.26548,-26.7699,
PAL0809,45,Gentoo penguin,Anvers,Biscoe,"Adult, 1 Egg Stage",N8A1,Yes,11/3/08,50.5,15.9,222.0,5550.0,MALE,8.46894,-26.604359999999996,
PAL0809,46,Gentoo penguin,Anvers,Biscoe,"Adult, 1 Egg Stage",N8A2,Yes,11/3/08,43.6,13.9,217.0,4900.0,FEMALE,8.271410000000001,-26.7765,
PAL0809,47,Gentoo penguin,Anvers,Biscoe,"Adult, 1 Egg Stage",N11A1,No,11/9/08,45.5,13.9,210.0,4200.0,FEMALE,8.47829,-26.61788,
PAL0809,48,Gentoo penguin,Anvers,Biscoe,"Adult, 1 Egg Stage",N11A2,No,11/9/08,50.5,15.9,225.0,5400.0,MALE,8.65803,-26.57585,
PAL0809,49,Gentoo penguin,Anvers,Biscoe,"Adult, 1 Egg Stage",N12A1,Yes,11/2/08,44.9,13.3,213.0,5100.0,FEMALE,8.45167,-26.896440000000002,
PAL0809,50,Gentoo penguin,Anvers,Biscoe,"Adult, 1 Egg Stage",N12A2,Yes,11/2/08,45.2,15.8,215.0,5300.0,MALE,8.55868,-26.67799,
PAL0809,51,Gentoo penguin,Anvers,Biscoe,"Adult, 1 Egg Stage",N13A1,Yes,11/4/08,46.6,14.2,210.0,4850.0,FEMALE,8.38289,-26.86352,
PAL0809,52,Gentoo penguin,Anvers,Biscoe,"Adult, 1 Egg Stage",N13A2,Yes,11/4/08,48.5,14.1,220.0,5300.0,MALE,8.39867,-26.79358,
PAL0809,53,Gentoo penguin,Anvers,Biscoe,"Adult, 1 Egg Stage",N14A1,Yes,11/4/08,45.1,14.4,210.0,4400.0,FEMALE,8.51951,-27.01854,
PAL0809,54,Gentoo penguin,Anvers,Biscoe,"Adult, 1 Egg Stage",N14A2,Yes,11/4/08,50.1,15.0,225.0,5000.0,MALE,8.50153,-26.614140000000003,
PAL0809,55,Gentoo penguin,Anvers,Biscoe,"Adult, 1 Egg Stage",N15A1,Yes,11/4/08,46.5,14.4,217.0,4900.0,FEMALE,8.48789,-26.830059999999996,
PAL0809,56,Gentoo penguin,Anvers,Biscoe,"Adult, 1 Egg Stage",N15A2,Yes,11/4/08,45.0,15.4,220.0,5050.0,MALE,8.63488,-26.75621,
PAL0809,57,Gentoo penguin,Anvers,Biscoe,"Adult, 1 Egg Stage",N16A1,Yes,11/3/08,43.8,13.9,208.0,4300.0,FEMALE,8.58319,-26.84415,
PAL0809,58,Gentoo penguin,Anvers,Biscoe,"Adult, 1 Egg Stage",N16A2,Yes,11/3/08,45.5,15.0,220.0,5000.0,MALE,8.63604,-26.7489,
PAL0809,59,Gentoo penguin,Anvers,Biscoe,"Adult, 1 Egg Stage",N17A1,Yes,11/6/08,43.2,14.5,208.0,4450.0,FEMALE,8.48367,-26.86485,
PAL0809,60,Gentoo penguin,Anvers,Biscoe,"Adult, 1 Egg Stage",N17A2,Yes,11/6/08,50.4,15.3,224.0,5550.0,MALE,8.74647,-26.79846,
PAL0809,61,Gentoo penguin,Anvers,Biscoe,"Adult, 1 Egg Stage",N18A1,Yes,11/3/08,45.3,13.8,208.0,4200.0,FEMALE,8.65015,-26.79053,
PAL0809,62,Gentoo penguin,Anvers,Biscoe,"Adult, 1 Egg Stage",N18A2,Yes,11/3/08,46.2,14.9,221.0,5300.0,MALE,8.60092,-26.843740000000004,
PAL0809,63,Gentoo penguin,Anvers,Biscoe,"Adult, 1 Egg Stage",N19A1,Yes,11/13/08,45.7,13.9,214.0,4400.0,FEMALE,8.6287,-26.604840000000003,
PAL0809,64,Gentoo penguin,Anvers,Biscoe,"Adult, 1 Egg Stage",N19A2,Yes,11/13/08,54.3,15.7,231.0,5650.0,MALE,8.49662,-26.841659999999997,
PAL0809,65,Gentoo penguin,Anvers,Biscoe,"Adult, 1 Egg Stage",N20A1,Yes,11/4/08,45.8,14.2,219.0,4700.0,FEMALE,8.60447,-26.61601,
PAL0809,66,Gentoo penguin,Anvers,Biscoe,"Adult, 1 Egg Stage",N20A2,Yes,11/4/08,49.8,16.8,230.0,5700.0,MALE,8.47067,-26.69166,
PAL0809,68,Gentoo penguin,Anvers,Biscoe,"Adult, 1 Egg Stage",N51A2,Yes,11/9/08,49.5,16.2,229.0,5800.0,MALE,8.49854,-26.74809,
PAL0809,69,Gentoo penguin,Anvers,Biscoe,"Adult, 1 Egg Stage",N53A1,Yes,11/13/08,43.5,14.2,220.0,4700.0,FEMALE,8.64931,-26.688670000000002,
PAL0809,70,Gentoo penguin,Anvers,Biscoe,"Adult, 1 Egg Stage",N53A2,Yes,11/13/08,50.7,15.0,223.0,5550.0,MALE,8.63551,-26.742490000000004,
PAL0809,71,Gentoo penguin,Anvers,Biscoe,"Adult, 1 Egg Stage",N54A1,Yes,11/3/08,47.7,15.0,216.0,4750.0,FEMALE,8.53018,-26.72751,
PAL0809,72,Gentoo penguin,Anvers,Biscoe,"Adult, 1 Egg Stage",N54A2,Yes,11/3/08,46.4,15.6,221.0,5000.0,MALE,8.35078,-26.707829999999998,
PAL0809,73,Gentoo penguin,Anvers,Biscoe,"Adult, 1 Egg Stage",N55A1,Yes,11/9/08,48.2,15.6,221.0,5100.0,MALE,8.24651,-26.66958,
PAL0809,74,Gentoo penguin,Anvers,Biscoe,"Adult, 1 Egg Stage",N55A2,Yes,11/9/08,46.5,14.8,217.0,5200.0,FEMALE,8.58487,-26.5929,
PAL0809,75,Gentoo penguin,Anvers,Biscoe,"Adult, 1 Egg Stage",N56A1,Yes,11/6/08,46.4,15.0,216.0,4700.0,FEMALE,8.47938,-26.9547,
PAL0809,76,Gentoo penguin,Anvers,Biscoe,"Adult, 1 Egg Stage",N56A2,Yes,11/6/08,48.6,16.0,230.0,5800.0,MALE,8.5964,-26.711990000000004,
PAL0809,77,Gentoo penguin,Anvers,Biscoe,"Adult, 1 Egg Stage",N58A1,Yes,11/6/08,47.5,14.2,209.0,4600.0,FEMALE,8.39299,-26.787329999999997,
PAL0809,78,Gentoo penguin,Anvers,Biscoe,"Adult, 1 Egg Stage",N58A2,Yes,11/6/08,51.1,16.3,220.0,6000.0,MALE,8.40327,-26.768209999999996,
PAL0809,79,Gentoo penguin,Anvers,Biscoe,"Adult, 1 Egg Stage",N60A1,Yes,11/9/08,45.2,13.8,215.0,4750.0,FEMALE,8.246939999999999,-26.65359,
PAL0809,80,Gentoo penguin,Anvers,Biscoe,"Adult, 1 Egg Stage",N60A2,Yes,11/9/08,45.2,16.4,223.0,5950.0,MALE,8.19749,-26.659309999999998,
PAL0910,81,Gentoo penguin,Anvers,Biscoe,"Adult, 1 Egg Stage",N1A1,Yes,11/18/09,49.1,14.5,212.0,4625.0,FEMALE,8.35802,-26.2766,
PAL0910,82,Gentoo penguin,Anvers,Biscoe,"Adult, 1 Egg Stage",N1A2,Yes,11/18/09,52.5,15.6,221.0,5450.0,MALE,8.286010000000001,-26.27573,
PAL0910,83,Gentoo penguin,Anvers,Biscoe,"Adult, 1 Egg Stage",N6A1,Yes,11/15/09,47.4,14.6,212.0,4725.0,FEMALE,8.19101,-26.24369,
PAL0910,84,Gentoo penguin,Anvers,Biscoe,"Adult, 1 Egg Stage",N6A2,Yes,11/15/09,50.0,15.9,224.0,5350.0,MALE,8.20042,-26.39677,
PAL0910,85,Gentoo penguin,Anvers,Biscoe,"Adult, 1 Egg Stage",N8A1,Yes,11/22/09,44.9,13.8,212.0,4750.0,FEMALE,8.11238,-26.20372,
PAL0910,86,Gentoo penguin,Anvers,Biscoe,"Adult, 1 Egg Stage",N8A2,Yes,11/22/09,50.8,17.3,228.0,5600.0,MALE,8.274280000000001,-26.30019,
PAL0910,87,Gentoo penguin,Anvers,Biscoe,"Adult, 1 Egg Stage",N13A1,Yes,11/20/09,43.4,14.4,218.0,4600.0,FEMALE,8.23468,-26.18599,
PAL0910,88,Gentoo penguin,Anvers,Biscoe,"Adult, 1 Egg Stage",N13A2,Yes,11/20/09,51.3,14.2,218.0,5300.0,MALE,8.15426,-26.3433,
PAL0910,89,Gentoo penguin,Anvers,Biscoe,"Adult, 1 Egg Stage",N14A1,Yes,11/25/09,47.5,14.0,212.0,4875.0,FEMALE,8.12691,-26.23613,
PAL0910,90,Gentoo penguin,Anvers,Biscoe,"Adult, 1 Egg Stage",N14A2,Yes,11/25/09,52.1,17.0,230.0,5550.0,MALE,8.27595,-26.11657,
PAL0910,91,Gentoo penguin,Anvers,Biscoe,"Adult, 1 Egg Stage",N15A1,Yes,11/25/09,47.5,15.0,218.0,4950.0,FEMALE,8.296710000000001,-26.08547,
PAL0910,92,Gentoo penguin,Anvers,Biscoe,"Adult, 1 Egg Stage",N15A2,Yes,11/25/09,52.2,17.1,228.0,5400.0,MALE,8.36701,-25.89834,
PAL0910,93,Gentoo penguin,Anvers,Biscoe,"Adult, 1 Egg Stage",N18A1,Yes,12/1/09,45.5,14.5,212.0,4750.0,FEMALE,8.155660000000001,-26.228479999999998,
PAL0910,94,Gentoo penguin,Anvers,Biscoe,"Adult, 1 Egg Stage",N18A2,Yes,12/1/09,49.5,16.1,224.0,5650.0,MALE,8.83352,-25.69195,
PAL0910,95,Gentoo penguin,Anvers,Biscoe,"Adult, 1 Egg Stage",N19A1,Yes,11/27/09,44.5,14.7,214.0,4850.0,FEMALE,8.20106,-26.16524,
PAL0910,96,Gentoo penguin,Anvers,Biscoe,"Adult, 1 Egg Stage",N19A2,Yes,11/27/09,50.8,15.7,226.0,5200.0,MALE,8.27102,-26.11244,
PAL0910,97,Gentoo penguin,Anvers,Biscoe,"Adult, 1 Egg Stage",N20A1,Yes,11/18/09,49.4,15.8,216.0,4925.0,MALE,8.03624,-26.065939999999998,
PAL0910,98,Gentoo penguin,Anvers,Biscoe,"Adult, 1 Egg Stage",N20A2,Yes,11/18/09,46.9,14.6,222.0,4875.0,FEMALE,7.8881,-26.04726,
PAL0910,99,Gentoo penguin,Anvers,Biscoe,"Adult, 1 Egg Stage",N21A1,Yes,11/18/09,48.4,14.4,203.0,4625.0,FEMALE,8.16582,-26.13971,
PAL0910,100,Gentoo penguin,Anvers,Biscoe,"Adult, 1 Egg Stage",N21A2,Yes,11/18/09,51.1,16.5,225.0,5250.0,MALE,8.2066,-26.36863,
PAL0910,101,Gentoo penguin,Anvers,Biscoe,"Adult, 1 Egg Stage",N22A1,Yes,11/22/09,48.5,15.0,219.0,4850.0,FEMALE,8.102310000000001,-26.18763,
PAL0910,102,Gentoo penguin,Anvers,Biscoe,"Adult, 1 Egg Stage",N22A2,Yes,11/22/09,55.9,17.0,228.0,5600.0,MALE,8.3118,-26.35425,
PAL0910,103,Gentoo penguin,Anvers,Biscoe,"Adult, 1 Egg Stage",N23A1,Yes,11/18/09,47.2,15.5,215.0,4975.0,FEMALE,8.30817,-26.216509999999996,
PAL0910,104,Gentoo penguin,Anvers,Biscoe,"Adult, 1 Egg Stage",N23A2,Yes,11/18/09,49.1,15.0,228.0,5500.0,MALE,8.659139999999999,-25.79203,
PAL0910,106,Gentoo penguin,Anvers,Biscoe,"Adult, 1 Egg Stage",N24A2,Yes,12/1/09,46.8,16.1,215.0,5500.0,MALE,8.32359,-26.057560000000002,
PAL0910,107,Gentoo penguin,Anvers,Biscoe,"Adult, 1 Egg Stage",N28A1,Yes,11/10/09,41.7,14.7,210.0,4700.0,FEMALE,8.12311,-26.44815,
PAL0910,108,Gentoo penguin,Anvers,Biscoe,"Adult, 1 Egg Stage",N28A2,Yes,11/10/09,53.4,15.8,219.0,5500.0,MALE,8.410169999999999,-26.33867,
PAL0910,109,Gentoo penguin,Anvers,Biscoe,"Adult, 1 Egg Stage",N29A1,Yes,11/9/09,43.3,14.0,208.0,4575.0,FEMALE,8.4207,-26.38092,
PAL0910,110,Gentoo penguin,Anvers,Biscoe,"Adult, 1 Egg Stage",N29A2,Yes,11/9/09,48.1,15.1,209.0,5500.0,MALE,8.45738,-26.226640000000003,
PAL0910,111,Gentoo penguin,Anvers,Biscoe,"Adult, 1 Egg Stage",N32A1,Yes,11/20/09,50.5,15.2,216.0,5000.0,FEMALE,8.24691,-26.18466,
PAL0910,112,Gentoo penguin,Anvers,Biscoe,"Adult, 1 Egg Stage",N32A2,Yes,11/20/09,49.8,15.9,229.0,5950.0,MALE,8.29226,-26.21019,
PAL0910,113,Gentoo penguin,Anvers,Biscoe,"Adult, 1 Egg Stage",N34A1,Yes,11/27/09,43.5,15.2,213.0,4650.0,FEMALE,8.216339999999999,-26.11046,
PAL0910,114,Gentoo penguin,Anvers,Biscoe,"Adult, 1 Egg Stage",N34A2,Yes,11/27/09,51.5,16.3,230.0,5500.0,MALE,8.78557,-25.761470000000003,
PAL0910,115,Gentoo penguin,Anvers,Biscoe,"Adult, 1 Egg Stage",N35A1,Yes,11/25/09,46.2,14.1,217.0,4375.0,FEMALE,8.30231,-25.96013,
PAL0910,116,Gentoo penguin,Anvers,Biscoe,"Adult, 1 Egg Stage",N35A2,Yes,11/25/09,55.1,16.0,230.0,5850.0,MALE,8.08354,-26.18161,
PAL0910,118,Gentoo penguin,Anvers,Biscoe,"Adult, 1 Egg Stage",N36A2,Yes,12/1/09,48.8,16.2,222.0,6000.0,MALE,8.33825,-25.88547,
PAL0910,119,Gentoo penguin,Anvers,Biscoe,"Adult, 1 Egg Stage",N38A1,No,12/1/09,47.2,13.7,214.0,4925.0,FEMALE,7.99184,-26.205379999999998,
PAL0910,121,Gentoo penguin,Anvers,Biscoe,"Adult, 1 Egg Stage",N39A1,Yes,11/22/09,46.8,14.3,215.0,4850.0,FEMALE,8.41151,-26.13832,
PAL0910,122,Gentoo penguin,Anvers,Biscoe,"Adult, 1 Egg Stage",N39A2,Yes,11/22/09,50.4,15.7,222.0,5750.0,MALE,8.30166,-26.04117,
PAL0910,123,Gentoo penguin,Anvers,Biscoe,"Adult, 1 Egg Stage",N43A1,Yes,11/22/09,45.2,14.8,212.0,5200.0,FEMALE,8.242460000000001,-26.11969,
PAL0910,124,Gentoo penguin,Anvers,Biscoe,"Adult, 1 Egg Stage",N43A2,Yes,11/22/09,49.9,16.1,213.0,5400.0,MALE,8.3639,-26.15531,
